107,640,,-0.635655,0.023806,1.49499
108,640,,-0.635233,0.023787,1.49585
109,640,,-0.633905,0.0238578,1.49413
110,640,,-0.633484,0.0238387,1.49499
111,640,,-0.633061,0.0238197,1.49585
112,640,,-0.632637,0.0238007,1.49671
113,640,,-0.631312,0.0238715,1.495
114,640,,-0.630889,0.0238524,1.49586
115,640,,-0.630464,0.0238334,1.49672
116,640,,-0.629141,0.0239043,1.495
117,640,,-0.628717,0.0238852,1.49586
118,640,,-0.628292,0.0238661,1.49672
119,640,,-0.626366,0.0236984,1.49434
120,640,,-0.625937,0.0236796,1.49519
121,640,,-0.624628,0.02375,1.49349
122,640,,-0.624199,0.0237311,1.49435
123,640,,-0.623769,0.0237122,1.4952
124,640,,-0.622462,0.0237826,1.4935
125,640,,-0.622032,0.0237637,1.49435
126,640,,-0.621602,0.0237448,1.4952
127,640,,-0.62117,0.0237259,1.49605
128,640,,-0.620737,0.0237071,1.49691
129,640,,-0.619435,0.0237774,1.49521
130,640,,-0.619002,0.0237585,1.49606
131,640,,-0.618569,0.0237396,1.49691
132,640,,-0.617268,0.02381,1.49521
133,640,,-0.616835,0.0237911,1.49606
134,640,,-0.616401,0.0237722,1.49692
135,640,,-0.615965,0.0237533,1.49777
136,640,,-0.615529,0.0237344,1.49862
137,640,,-0.614233,0.0238047,1.49692
138,640,,-0.613797,0.0237858,1.49777
139,640,,-0.612502,0.0238562,1.49607
140,640,,-0.612067,0.0238373,1.49692
141,640,,-0.61163,0.0238183,1.49778
142,640,,-0.611192,0.0237995,1.49863
143,640,,-0.609901,0.0238698,1.49692
144,640,,-0.609463,0.0238509,1.49778
145,640,,-0.609025,0.0238319,1.49863
146,640,,-0.608585,0.023813,1.49949
147,640,,-0.607297,0.0238834,1.49778
148,640,,-0.606858,0.0238644,1.49864
149,640,,-0.606418,0.0238455,1.49949
150,640,,-0.605977,0.0238266,1.50034
151,640,,-0.604692,0.0238969,1.49864
152,640,,-0.604251,0.023878,1.49949
153,640,,-0.603809,0.0238591,1.50035
154,640,,-0.603366,0.0238402,1.5012
155,640,,-0.602084,0.0239105,1.49949
156,640,,-0.601642,0.0238915,1.50035
157,640,,-0.599741,0.0237255,1.49791
158,640,,-0.599295,0.0237067,1.49876
159,640,,-0.598025,0.0237766,1.49707
160,640,,-0.597579,0.0237578,1.49792
161,640,,-0.597133,0.023739,1.49876
162,640,,-0.595865,0.023809,1.49707
163,640,,-0.595418,0.0237902,1.49792
164,640,,-0.594971,0.0237713,1.49877
165,640,,-0.594522,0.0237526,1.49961
166,640,,-0.594072,0.0237339,1.50046
167,640,,-0.592809,0.0238037,1.49877
168,640,,-0.59236,0.0237849,1.49962
169,640,,-0.59191,0.0237661,1.50046
170,640,,-0.590649,0.023836,1.49877
171,640,,-0.590199,0.0238171,1.49962
172,640,,-0.589748,0.0237984,1.50047
173,640,,-0.589296,0.0237796,1.50131
174,640,,-0.588843,0.0237609,1.50216
175,640,,-0.587586,0.0238306,1.50047
176,640,,-0.587134,0.0238118,1.50132
177,640,,-0.58668,0.0237931,1.50217
178,640,,-0.585426,0.0238629,1.50047
179,640,,-0.584972,0.0238441,1.50132
180,640,,-0.584518,0.0238253,1.50217
181,640,,-0.583265,0.0238951,1.50047
182,640,,-0.582812,0.0238763,1.50132
183,640,,-0.582357,0.0238575,1.50217
184,640,,-0.581901,0.0238387,1.50302
185,640,,-0.580651,0.0239085,1.50133
186,640,,-0.580196,0.0238896,1.50218
187,640,,-0.579739,0.0238709,1.50302
188,640,,-0.579282,0.0238521,1.50387
189,640,,-0.576621,0.0237758,1.49886
190,640,,-0.576162,0.0237572,1.4997
191,640,,-0.575702,0.0237385,1.50054
192,640,,-0.575242,0.0237199,1.50138
193,640,,-0.574008,0.0237892,1.49971
194,640,,-0.573547,0.0237705,1.50055
195,640,,-0.573086,0.0237519,1.50139
196,640,,-0.572623,0.0237332,1.50223
197,640,,-0.571392,0.0238026,1.50055
198,640,,-0.57093,0.0237839,1.50139
199,640,,-0.570467,0.0237652,1.50224
200,640,,-0.570003,0.0237466,1.50308
201,640,,-0.568776,0.0238159,1.5014
202,640,,-0.568312,0.0237972,1.50224
203,640,,-0.567847,0.0237786,1.50308
204,640,,-0.567381,0.0237599,1.50392
205,640,,-0.566157,0.0238292,1.50224
206,640,,-0.565692,0.0238105,1.50309
207,640,,-0.565225,0.0237919,1.50393
208,640,,-0.564003,0.0238611,1.50225
209,640,,-0.563537,0.0238425,1.50309
210,640,,-0.56307,0.0238238,1.50394
211,640,,-0.562602,0.0238051,1.50478
212,640,,-0.562133,0.0237865,1.50562
213,640,,-0.560915,0.0238557,1.50394
214,640,,-0.560447,0.023837,1.50478
215,640,,-0.55923,0.0239063,1.5031
216,640,,-0.558762,0.0238876,1.50395
217,640,,-0.558292,0.0238689,1.50479
218,640,,-0.557822,0.0238502,1.50563
219,640,,-0.556608,0.0239195,1.50395
220,640,,-0.556138,0.0239008,1.50479
221,640,,-0.555668,0.023882,1.50564
222,640,,-0.555195,0.0238634,1.50648
223,640,,-0.553985,0.0239326,1.5048
224,640,,-0.553514,0.0239139,1.50564
225,640,,-0.553041,0.0238952,1.50649
226,640,,-0.552567,0.0238765,1.50733
227,640,,-0.54999,0.0238012,1.50228
228,640,,-0.549515,0.0237826,1.50312
229,640,,-0.54904,0.0237641,1.50396
230,640,,-0.548563,0.0237455,1.50479
231,640,,-0.547368,0.0238144,1.50313
232,640,,-0.546891,0.0237958,1.50396
233,640,,-0.546414,0.0237772,1.5048
234,640,,-0.545936,0.0237587,1.50564
235,640,,-0.544744,0.0238275,1.50397
236,640,,-0.544266,0.0238089,1.50481
237,640,,-0.543787,0.0237903,1.50565
238,640,,-0.542597,0.0238592,1.50398
239,640,,-0.542118,0.0238405,1.50482
240,640,,-0.541639,0.0238219,1.50565
241,640,,-0.541158,0.0238034,1.50649
242,640,,-0.540677,0.0237849,1.50733
243,640,,-0.539492,0.0238536,1.50566
244,640,,-0.53901,0.023835,1.5065
245,640,,-0.538528,0.0238164,1.50734
246,640,,-0.537345,0.0238852,1.50567
247,640,,-0.536863,0.0238665,1.50651
248,640,,-0.53638,0.023848,1.50735
249,640,,-0.535199,0.0239168,1.50568
250,640,,-0.535412,0.023811,1.50903
251,640,,-0.534233,0.0238795,1.50736
252,640,,-0.533749,0.023861,1.5082
253,640,,-0.532571,0.0239297,1.50653
254,640,,-0.532087,0.0239111,1.50737
255,640,,-0.531602,0.0238925,1.50821
256,640,,-0.531116,0.0238739,1.50905
257,640,,-0.529941,0.0239426,1.50737
258,640,,-0.529455,0.023924,1.50822
259,640,,-0.528969,0.0239054,1.50906
260,640,,-0.528481,0.0238868,1.5099
261,640,,-0.52731,0.0239555,1.50823
262,640,,-0.526823,0.0239368,1.50907
263,640,,-0.526334,0.0239183,1.50991
264,640,,-0.525845,0.0238997,1.51075
265,640,,-0.524677,0.0239683,1.50908
266,640,,-0.524188,0.0239497,1.50992
267,640,,-0.52237,0.0237884,1.50733
268,640,,-0.521878,0.02377,1.50816
269,640,,-0.520721,0.0238382,1.5065
270,640,,-0.52023,0.0238197,1.50734
271,640,,-0.519737,0.0238013,1.50817
272,640,,-0.519243,0.0237829,1.509
273,640,,-0.51809,0.023851,1.50735
274,640,,-0.517596,0.0238326,1.50818
275,640,,-0.517102,0.0238141,1.50902
276,640,,-0.516606,0.0237957,1.50985
277,640,,-0.515456,0.0238638,1.5082
278,640,,-0.514961,0.0238453,1.50903
279,640,,-0.513812,0.0239136,1.50737
280,640,,-0.513968,0.0238085,1.5107
281,640,,-0.512822,0.0238766,1.50904
282,640,,-0.512325,0.0238581,1.50988
283,640,,-0.511827,0.0238397,1.51071
284,640,,-0.510683,0.0239078,1.50906
285,640,,-0.510185,0.0238893,1.50989
286,640,,-0.509687,0.0238709,1.51073
287,640,,-0.509188,0.0238524,1.51156
288,640,,-0.508687,0.023834,1.5124
289,640,,-0.507548,0.023902,1.51074
290,640,,-0.507048,0.0238836,1.51158
291,640,,-0.505908,0.0239517,1.50992
292,640,,-0.505409,0.0239332,1.51076
293,640,,-0.504908,0.0239147,1.51159
294,640,,-0.504407,0.0238962,1.51243
295,640,,-0.503271,0.0239643,1.51077
296,640,,-0.50277,0.0239458,1.51161
297,640,,-0.502267,0.0239273,1.51245
298,640,,-0.501764,0.0239089,1.51328
299,640,,-0.499349,0.0238354,1.50816
300,640,,-0.498845,0.023817,1.50899
301,640,,-0.49834,0.0237987,1.50982
302,640,,-0.497834,0.0237804,1.51065
303,640,,-0.496712,0.0238481,1.50901
304,640,,-0.496207,0.0238297,1.50984
305,640,,-0.495701,0.0238113,1.51067
306,640,,-0.495193,0.023793,1.5115
307,640,,-0.494075,0.0238607,1.50986
308,640,,-0.493568,0.0238423,1.51069
309,640,,-0.49306,0.0238239,1.51152
310,640,,-0.49255,0.0238057,1.51235
311,640,,-0.491435,0.0238732,1.5107
312,640,,-0.490927,0.0238548,1.51154
313,640,,-0.490417,0.0238365,1.51237
314,640,,-0.489304,0.0239041,1.51072
315,640,,-0.488794,0.0238858,1.51155
316,640,,-0.488284,0.0238674,1.51239
317,640,,-0.487173,0.0239351,1.51074
318,640,,-0.486663,0.0239166,1.51157
319,640,,-0.486152,0.0238983,1.51241
320,640,,-0.48564,0.0238799,1.51324
321,640,,-0.485127,0.0238616,1.51407
322,640,,-0.484021,0.0239291,1.51243
323,640,,-0.483508,0.0239107,1.51326
324,640,,-0.482995,0.0238924,1.51409
325,640,,-0.48189,0.0239599,1.51244
326,640,,-0.481377,0.0239415,1.51328
327,640,,-0.480863,0.0239231,1.51411
328,640,,-0.480347,0.0239048,1.51495
329,640,,-0.479246,0.0239723,1.5133
330,640,,-0.478731,0.0239539,1.51413
331,640,,-0.478216,0.0239355,1.51497
332,640,,-0.477699,0.0239172,1.5158
333,640,,-0.476601,0.0239847,1.51416
334,640,,-0.476085,0.0239663,1.51499
335,640,,-0.475567,0.0239479,1.51583
336,640,,-0.475049,0.0239296,1.51666
337,640,,-0.472719,0.0238571,1.5115
338,640,,-0.4722,0.0238388,1.51233
339,640,,-0.47168,0.0238206,1.51315
340,640,,-0.47116,0.0238024,1.51398
341,640,,-0.470075,0.0238694,1.51235
342,640,,-0.469555,0.0238512,1.51318
343,640,,-0.469033,0.023833,1.514
344,640,,-0.467951,0.0239,1.51237
345,640,,-0.46743,0.0238818,1.5132
346,640,,-0.466908,0.0238635,1.51403
347,640,,-0.466385,0.0238454,1.51486
348,640,,-0.46586,0.0238272,1.51568
349,640,,-0.464783,0.0238941,1.51405
350,640,,-0.464259,0.0238758,1.51488
351,640,,-0.463734,0.0238577,1.51571
352,640,,-0.462659,0.0239246,1.51408
353,640,,-0.462134,0.0239063,1.51491
354,640,,-0.461609,0.0238881,1.51574
355,640,,-0.461083,0.0238699,1.51657
356,640,,-0.46001,0.0239368,1.51493
357,640,,-0.459484,0.0239186,1.51576
358,640,,-0.458957,0.0239004,1.51659
359,640,,-0.458429,0.0238822,1.51742
360,640,,-0.45736,0.0239491,1.51579
361,640,,-0.456833,0.0239308,1.51662
362,640,,-0.456304,0.0239126,1.51745
363,640,,-0.455237,0.0239795,1.51582
364,640,,-0.454709,0.0239613,1.51665
365,640,,-0.454179,0.023943,1.51748
366,640,,-0.453115,0.02401,1.51585
367,640,,-0.452586,0.0239916,1.51668
368,640,,-0.452056,0.0239734,1.51751
369,640,,-0.451525,0.0239552,1.51834
370,640,,-0.450993,0.023937,1.51917
371,640,,-0.449933,0.0240038,1.51754
372,640,,-0.449401,0.0239855,1.51837
373,640,,-0.448868,0.0239673,1.5192
374,640,,-0.448335,0.0239491,1.52003
375,640,,-0.447278,0.0240159,1.5184
376,640,,-0.446745,0.0239976,1.51923
377,640,,-0.445024,0.0238413,1.51648
378,640,,-0.444488,0.0238233,1.5173
379,640,,-0.443441,0.0238896,1.51569
380,640,,-0.442905,0.0238715,1.51651
381,640,,-0.442369,0.0238535,1.51734
382,640,,-0.441324,0.0239199,1.51572
383,640,,-0.440788,0.0239017,1.51655
384,640,,-0.44025,0.0238836,1.51737
385,640,,-0.439712,0.0238656,1.5182
386,640,,-0.439173,0.0238476,1.51902
387,640,,-0.438133,0.0239138,1.5174
388,640,,-0.437594,0.0238957,1.51823
389,640,,-0.437054,0.0238777,1.51905
390,640,,-0.436016,0.023944,1.51744
391,640,,-0.435476,0.0239258,1.51826
392,640,,-0.434936,0.0239078,1.51909
393,640,,-0.433899,0.0239741,1.51747
394,640,,-0.433359,0.023956,1.5183
395,640,,-0.432818,0.0239379,1.51913
396,640,,-0.432276,0.0239198,1.51995
397,640,,-0.431243,0.0239861,1.51833
398,640,,-0.430701,0.023968,1.51916
399,640,,-0.430158,0.0239499,1.51999
400,640,,-0.429615,0.0239318,1.52082
401,640,,-0.428585,0.023998,1.5192
402,640,,-0.428041,0.0239799,1.52003
403,640,,-0.427497,0.0239619,1.52085
404,640,,-0.426952,0.0239438,1.52168
405,640,,-0.425925,0.02401,1.52006
406,640,,-0.42538,0.0239919,1.52089
407,640,,-0.424834,0.0239738,1.52172
408,640,,-0.424287,0.0239558,1.52255
409,640,,-0.423264,0.0240219,1.52093
410,640,,-0.422717,0.0240038,1.52176
411,640,,-0.422169,0.0239857,1.52259
412,640,,-0.421148,0.0240519,1.52097
413,640,,-0.420601,0.0240338,1.5218
414,640,,-0.420053,0.0240157,1.52263
415,640,,-0.419503,0.0239976,1.52346
416,640,,-0.418953,0.0239796,1.52428
417,640,,-0.416807,0.0239089,1.51904
418,640,,-0.416256,0.023891,1.51986
419,640,,-0.415704,0.0238731,1.52068
420,640,,-0.414696,0.0239388,1.51908
421,640,,-0.414145,0.0239208,1.5199
422,640,,-0.413593,0.0239029,1.52072
423,640,,-0.412587,0.0239687,1.51912
424,640,,-0.412035,0.0239507,1.51994
425,640,,-0.411482,0.0239327,1.52076
426,640,,-0.410928,0.0239148,1.52159
427,640,,-0.409925,0.0239805,1.51998
428,640,,-0.409371,0.0239625,1.52081
429,640,,-0.408817,0.0239446,1.52163
430,640,,-0.408261,0.0239266,1.52245
431,640,,-0.407262,0.0239923,1.52085
432,640,,-0.406707,0.0239743,1.52167
433,640,,-0.40615,0.0239564,1.5225
434,640,,-0.405593,0.0239385,1.52332
435,640,,-0.404597,0.0240041,1.52172
436,640,,-0.40404,0.0239861,1.52254
437,640,,-0.403482,0.0239682,1.52337
438,640,,-0.402923,0.0239503,1.52419
439,640,,-0.40193,0.0240159,1.52259
440,640,,-0.401372,0.0239979,1.52341
441,640,,-0.400812,0.02398,1.52424
442,640,,-0.400251,0.0239622,1.52506
443,640,,-0.399262,0.0240276,1.52346
444,640,,-0.398701,0.0240097,1.52428
445,640,,-0.39814,0.0239918,1.52511
446,640,,-0.397578,0.0239739,1.52593
447,640,,-0.396592,0.0240394,1.52433
448,640,,-0.39603,0.0240214,1.52516
449,640,,-0.394379,0.0238686,1.5223
450,640,,-0.394482,0.024069,1.52438
451,640,,-0.392838,0.0239159,1.52153
452,640,,-0.392274,0.0238981,1.52234
453,640,,-0.391709,0.0238804,1.52316
454,640,,-0.390734,0.0239455,1.52157
455,640,,-0.390169,0.0239277,1.52239
456,640,,-0.389604,0.0239099,1.52321
457,640,,-0.389037,0.0238922,1.52403
458,640,,-0.388065,0.0239572,1.52244
459,640,,-0.387499,0.0239394,1.52326
460,640,,-0.386931,0.0239217,1.52408
461,640,,-0.385962,0.0239867,1.52249
462,640,,-0.385395,0.0239689,1.52331
463,640,,-0.384827,0.0239512,1.52413
464,640,,-0.384258,0.0239334,1.52495
465,640,,-0.383291,0.0239984,1.52336
466,640,,-0.382722,0.0239806,1.52418
467,640,,-0.382153,0.0239629,1.52501
468,640,,-0.381582,0.0239452,1.52582
469,640,,-0.380619,0.0240101,1.52424
470,640,,-0.380048,0.0239923,1.52506
471,640,,-0.379477,0.0239746,1.52588
472,640,,-0.378904,0.0239569,1.5267
473,640,,-0.377944,0.0240218,1.52511
474,640,,-0.377372,0.024004,1.52593
475,640,,-0.376799,0.0239863,1.52675
476,640,,-0.376225,0.0239686,1.52757
477,640,,-0.375268,0.0240334,1.52599
478,640,,-0.374695,0.0240157,1.52681
479,640,,-0.37412,0.0239979,1.52763
480,640,,-0.373165,0.0240628,1.52604
481,640,,-0.372591,0.024045,1.52686
482,640,,-0.372015,0.0240273,1.52769
483,640,,-0.371439,0.0240096,1.52851
484,640,,-0.370861,0.0239919,1.52933
485,640,,-0.369911,0.0240567,1.52774
486,640,,-0.369334,0.0240389,1.52857
487,640,,-0.367722,0.0238879,1.52565
488,640,,-0.36678,0.0239523,1.52408
489,640,,-0.366202,0.0239347,1.52489
490,640,,-0.365623,0.0239171,1.52571
491,640,,-0.364682,0.0239815,1.52413
492,640,,-0.364103,0.0239639,1.52495
493,640,,-0.363524,0.0239463,1.52576
494,640,,-0.362943,0.0239288,1.52658
495,640,,-0.362005,0.0239932,1.52501
496,640,,-0.361425,0.0239755,1.52582
497,640,,-0.360844,0.023958,1.52664
498,640,,-0.360261,0.0239404,1.52745
499,640,,-0.359327,0.0240048,1.52588
500,640,,-0.358745,0.0239872,1.5267
501,640,,-0.358162,0.0239696,1.52752
502,640,,-0.357578,0.0239521,1.52833
503,640,,-0.356647,0.0240164,1.52676
504,640,,-0.356063,0.0239988,1.52758
505,640,,-0.355478,0.0239812,1.52839
506,640,,-0.354892,0.0239638,1.52921
507,640,,-0.353964,0.024028,1.52764
508,640,,-0.353379,0.0240104,1.52846
509,640,,-0.352792,0.0239929,1.52927
510,640,,-0.351866,0.0240572,1.5277
511,640,,-0.35128,0.0240395,1.52852
512,640,,-0.350693,0.024022,1.52934
513,640,,-0.350105,0.0240045,1.53015
514,640,,-0.349516,0.023987,1.53097
515,640,,-0.348594,0.0240511,1.5294
516,640,,-0.348005,0.0240336,1.53022
517,640,,-0.347415,0.0240161,1.53104
518,640,,-0.346496,0.0240803,1.52946
519,640,,-0.345906,0.0240627,1.53028
520,640,,-0.345316,0.0240452,1.5311
521,640,,-0.344398,0.0241094,1.52953
522,640,,-0.344131,0.0240103,1.53274
523,640,,-0.343216,0.0240743,1.53117
524,640,,-0.342624,0.0240567,1.53199
525,640,,-0.34171,0.0241209,1.53041
526,640,,-0.341118,0.0241033,1.53123
527,640,,-0.339553,0.0239538,1.52826
528,640,,-0.338958,0.0239365,1.52908
529,640,,-0.338053,0.0240002,1.52752
530,640,,-0.337459,0.0239828,1.52833
531,640,,-0.336864,0.0239654,1.52914
532,640,,-0.336268,0.0239481,1.52995
533,640,,-0.335366,0.0240118,1.5284
534,640,,-0.33477,0.0239944,1.52921
535,640,,-0.334174,0.023977,1.53002
536,640,,-0.333576,0.0239598,1.53084
537,640,,-0.332677,0.0240233,1.52928
538,640,,-0.33208,0.024006,1.53009
539,640,,-0.331481,0.0239887,1.53091
540,640,,-0.330882,0.0239714,1.53172
541,640,,-0.329986,0.0240349,1.53016
542,640,,-0.329387,0.0240176,1.53098
543,640,,-0.328787,0.0240003,1.53179
544,640,,-0.328186,0.023983,1.5326
545,640,,-0.327293,0.0240465,1.53105
546,640,,-0.326693,0.0240292,1.53186
547,640,,-0.326091,0.0240119,1.53267
548,640,,-0.3252,0.0240754,1.53112
549,640,,-0.324598,0.024058,1.53193
550,640,,-0.323996,0.0240407,1.53275
551,640,,-0.323107,0.0241043,1.53119
552,640,,-0.322505,0.0240869,1.532
553,640,,-0.321902,0.0240696,1.53282
554,640,,-0.321297,0.0240523,1.53363
555,640,,-0.320692,0.0240351,1.53445
556,640,,-0.319808,0.0240985,1.53289
557,640,,-0.319203,0.0240812,1.53371
558,640,,-0.318597,0.0240639,1.53452
559,640,,-0.317714,0.0241273,1.53297
560,640,,-0.317108,0.02411,1.53378
561,640,,-0.316502,0.0240927,1.5346
562,640,,-0.315894,0.0240754,1.53541
563,640,,-0.315014,0.0241388,1.53386
564,640,,-0.314407,0.0241215,1.53467
565,640,,-0.313799,0.0241043,1.53549
566,640,,-0.31319,0.024087,1.5363
567,640,,-0.312313,0.0241504,1.53475
568,640,,-0.311704,0.0241331,1.53557
569,640,,-0.310185,0.0239855,1.53253
570,640,,-0.309574,0.0239685,1.53334
571,640,,-0.308706,0.0240314,1.5318
572,640,,-0.308095,0.0240142,1.53261
573,640,,-0.307483,0.0239972,1.53341
574,640,,-0.306871,0.0239802,1.53422
575,640,,-0.306006,0.024043,1.53268
576,640,,-0.305393,0.0240259,1.53349
577,640,,-0.30478,0.0240088,1.5343
578,640,,-0.303917,0.0240717,1.53276
579,640,,-0.303303,0.0240546,1.53357
580,640,,-0.302689,0.0240375,1.53438
581,640,,-0.302074,0.0240205,1.53519
582,640,,-0.301458,0.0240035,1.536
583,640,,-0.300599,0.0240662,1.53446
584,640,,-0.299983,0.0240491,1.53527
585,640,,-0.299366,0.0240321,1.53608
586,640,,-0.298509,0.0240949,1.53454
587,640,,-0.297893,0.0240778,1.53535
588,640,,-0.297275,0.0240608,1.53616
589,640,,-0.29642,0.0241236,1.53462
590,640,,-0.295803,0.0241065,1.53543
591,640,,-0.295184,0.0240894,1.53624
592,640,,-0.294565,0.0240724,1.53705
593,640,,-0.293713,0.0241352,1.53551
594,640,,-0.293094,0.0241181,1.53633
595,640,,-0.292473,0.024101,1.53714
596,640,,-0.291852,0.0240841,1.53795
597,640,,-0.291003,0.0241467,1.53641
598,640,,-0.290383,0.0241297,1.53722
599,640,,-0.289761,0.0241127,1.53803
600,640,,-0.289138,0.0240957,1.53884
601,640,,-0.288292,0.0241583,1.5373
602,640,,-0.286814,0.0240123,1.53422
603,640,,-0.286191,0.0239955,1.53503
604,640,,-0.285566,0.0239788,1.53583
605,640,,-0.284729,0.0240409,1.53431
606,640,,-0.284104,0.0240241,1.53511
607,640,,-0.283479,0.0240073,1.53591
608,640,,-0.282644,0.0240695,1.53439
609,640,,-0.282019,0.0240526,1.5352
610,640,,-0.281393,0.0240358,1.536
611,640,,-0.280766,0.024019,1.5368
612,640,,-0.279933,0.0240811,1.53528
613,640,,-0.279306,0.0240643,1.53609
614,640,,-0.278679,0.0240475,1.53689
615,640,,-0.27805,0.0240307,1.5377
616,640,,-0.27722,0.0240928,1.53617
617,640,,-0.276592,0.024076,1.53698
618,640,,-0.275963,0.0240592,1.53778
619,640,,-0.275135,0.0241214,1.53626
620,640,,-0.274506,0.0241045,1.53707
621,640,,-0.273876,0.0240877,1.53787
622,640,,-0.273244,0.024071,1.53868
623,640,,-0.27242,0.0241331,1.53716
624,640,,-0.271789,0.0241162,1.53796
625,640,,-0.271157,0.0240995,1.53877
626,640,,-0.270524,0.0240827,1.53957
627,640,,-0.269702,0.0241448,1.53805
628,640,,-0.269069,0.0241279,1.53886
629,640,,-0.268436,0.0241112,1.53966
630,640,,-0.267801,0.0240945,1.54047
631,640,,-0.266982,0.0241564,1.53895
632,640,,-0.266348,0.0241397,1.53976
633,640,,-0.265712,0.0241229,1.54056
634,640,,-0.265076,0.0241063,1.54137
635,640,,-0.264261,0.0241681,1.53985
636,640,,-0.263624,0.0241514,1.54065
637,640,,-0.262987,0.0241347,1.54146
638,640,,-0.262173,0.0241967,1.53994
639,640,,-0.261536,0.0241799,1.54075
640,640,,-0.260898,0.0241632,1.54155
641,640,,-0.259465,0.0240193,1.5384
642,640,,-0.258826,0.0240029,1.5392
643,640,,-0.258021,0.0240642,1.5377
644,640,,-0.257382,0.0240477,1.5385
645,640,,-0.256741,0.0240312,1.53929
646,640,,-0.255938,0.0240926,1.53779
647,640,,-0.255298,0.0240761,1.53859
648,640,,-0.254657,0.0240596,1.53939
649,640,,-0.254015,0.0240431,1.54019
650,640,,-0.253215,0.0241045,1.53868
651,640,,-0.252573,0.0240879,1.53948
652,640,,-0.25193,0.0240715,1.54028
653,640,,-0.251286,0.0240551,1.54108
654,640,,-0.25049,0.0241163,1.53958
655,640,,-0.249846,0.0240998,1.54038
656,640,,-0.249201,0.0240834,1.54118
657,640,,-0.248406,0.0241447,1.53967
658,640,,-0.247762,0.0241282,1.54048
659,640,,-0.247116,0.0241117,1.54128
660,640,,-0.24647,0.0240953,1.54208
661,640,,-0.245678,0.0241566,1.54057
662,640,,-0.245032,0.0241401,1.54137
663,640,,-0.244384,0.0241236,1.54217
664,640,,-0.243736,0.0241073,1.54297
665,640,,-0.242947,0.0241685,1.54147
666,640,,-0.242299,0.024152,1.54227
667,640,,-0.24165,0.0241356,1.54307
668,640,,-0.241,0.0241192,1.54387
669,640,,-0.240214,0.0241804,1.54237
670,640,,-0.239564,0.024164,1.54317
671,640,,-0.238779,0.0242253,1.54167
672,640,,-0.238262,0.0241312,1.54477
673,640,,-0.237479,0.0241923,1.54327
674,640,,-0.236827,0.0241759,1.54407
675,640,,-0.236045,0.0242372,1.54257
676,640,,-0.235261,0.0242988,1.54105
677,640,,-0.224701,0.0232323,1.47711
678,640,,-0.213093,0.0271466,1.348
679,640,,-0.222996,0.023508,1.47007
680,640,,-0.219462,0.0232517,1.45053
681,640,,-0.220985,0.0234338,1.46588
682,640,,-0.223214,0.0242663,1.47757
683,640,,-0.219094,0.0232829,1.46382
684,640,,-0.218862,0.0229645,1.47283
685,640,,-0.218138,0.0230235,1.47149
686,640,,-0.217506,0.023008,1.4722
687,640,,-0.216137,0.0229516,1.46727
688,640,,-0.215506,0.0229362,1.46797
689,640,,-0.214874,0.0229208,1.46867
690,640,,-0.214156,0.0229797,1.46734
691,640,,-0.213524,0.0229642,1.46804
692,640,,-0.212891,0.0229488,1.46875
693,640,,-0.212175,0.0230078,1.46741
694,640,,-0.211543,0.0229922,1.46812
695,640,,-0.210827,0.0230514,1.46678
696,640,,-0.209567,0.022921,1.46392
697,640,,-0.208934,0.0229056,1.46462
698,640,,-0.208301,0.0228903,1.46531
699,640,,-0.207591,0.0229491,1.46399
700,640,,-0.206958,0.0229336,1.46469
701,640,,-0.205633,0.0228784,1.45981
702,640,,-0.205001,0.0228631,1.46051
703,640,,-0.204368,0.0228478,1.4612
704,640,,-0.203734,0.0228325,1.46189
705,640,,-0.203031,0.0228911,1.46058
706,640,,-0.202397,0.0228757,1.46127
707,640,,-0.201092,0.0228211,1.45642
708,640,,-0.200459,0.0228058,1.45711
709,640,,-0.199825,0.0227906,1.4578
710,640,,-0.19919,0.0227754,1.45848
711,640,,-0.197899,0.0227213,1.45365
712,640,,-0.197265,0.0227062,1.45433
713,640,,-0.196573,0.0227644,1.45304
714,640,,-0.19594,0.0227493,1.45372
715,640,,-0.195305,0.0227341,1.45441
716,640,,-0.19467,0.0227191,1.45509
717,640,,-0.193981,0.0227772,1.4538
718,640,,-0.192763,0.0226505,1.45096
719,640,,-0.192078,0.0227085,1.44967
720,640,,-0.191444,0.0226934,1.45035
721,640,,-0.190808,0.0226784,1.45103
722,640,,-0.190125,0.0227364,1.44975
723,640,,-0.18949,0.0227213,1.45042
724,640,,-0.18824,0.0226682,1.44565
725,640,,-0.187606,0.0226532,1.44632
726,640,,-0.186971,0.0226382,1.447
727,640,,-0.186335,0.0226233,1.44767
728,640,,-0.185658,0.0226812,1.44639
729,640,,-0.185022,0.0226661,1.44707
730,640,,-0.183791,0.0226136,1.44231
731,640,,-0.183156,0.0225986,1.44298
732,640,,-0.18252,0.0225838,1.44365
733,640,,-0.181301,0.0225317,1.43892
734,640,,-0.180666,0.0225169,1.43959
735,640,,-0.18003,0.0225021,1.44025
736,640,,-0.179364,0.0225596,1.43899
737,640,,-0.178729,0.0225448,1.43966
738,640,,-0.178093,0.02253,1.44032
739,640,,-0.177456,0.0225153,1.44098
740,640,,-0.176792,0.0225727,1.43972
741,640,,-0.17562,0.0224491,1.43693
742,640,,-0.17496,0.0225063,1.43568
743,640,,-0.174324,0.0224916,1.43634
744,640,,-0.173688,0.0224769,1.437
745,640,,-0.173029,0.0225342,1.43575
746,640,,-0.172393,0.0225194,1.43641
747,640,,-0.171232,0.0223967,1.43362
748,640,,-0.170578,0.0224537,1.43239
749,640,,-0.169942,0.0224391,1.43304
750,640,,-0.169305,0.0224244,1.43369
751,640,,-0.168139,0.0223739,1.42904
752,640,,-0.167503,0.0223594,1.42968
753,640,,-0.166866,0.0223449,1.43033
754,640,,-0.166219,0.0224018,1.4291
755,640,,-0.165582,0.0223872,1.42975
756,640,,-0.164439,0.0222661,1.42698
757,640,,-0.163796,0.0223227,1.42576
758,640,,-0.16316,0.0223082,1.42641
759,640,,-0.162522,0.0222938,1.42705
760,640,,-0.161881,0.0223505,1.42583
761,640,,-0.161244,0.022336,1.42648
762,640,,-0.160605,0.0223216,1.42712
763,640,,-0.159475,0.0222721,1.42251
764,640,,-0.158838,0.0222577,1.42315
765,640,,-0.1582,0.0222434,1.42378
766,640,,-0.157565,0.0222999,1.42257
767,640,,-0.156927,0.0222855,1.42321
768,640,,-0.156289,0.0222712,1.42385
769,640,,-0.155655,0.0223277,1.42264
770,640,,-0.154539,0.0222079,1.4199
771,640,,-0.1539,0.0221937,1.42053
772,640,,-0.153271,0.0222499,1.41933
773,640,,-0.152633,0.0222356,1.41996
774,640,,-0.151524,0.0221169,1.41722
775,640,,-0.150899,0.0221728,1.41603
776,640,,-0.150261,0.0221587,1.41666
777,640,,-0.149622,0.0221446,1.41729
778,640,,-0.148538,0.0220965,1.41274
779,640,,-0.1479,0.0220824,1.41337
780,640,,-0.147262,0.0220684,1.41399
781,640,,-0.146642,0.0221242,1.41281
782,640,,-0.146004,0.0221102,1.41343
783,640,,-0.145365,0.0220961,1.41406
784,640,,-0.144725,0.0220821,1.41468
785,640,,-0.144108,0.0221379,1.4135
786,640,,-0.143468,0.0221238,1.41412
787,640,,-0.142828,0.0221098,1.41475
788,640,,-0.142187,0.0220959,1.41537
789,640,,-0.141572,0.0221516,1.41419
790,640,,-0.140957,0.0222076,1.413
791,640,,-0.140317,0.0221935,1.41363
792,640,,-0.139676,0.0221794,1.41426
793,640,,-0.139003,0.0220958,1.41668
794,640,,-0.138392,0.0221513,1.41551
795,640,,-0.137748,0.0221373,1.41613
796,640,,-0.137137,0.0221931,1.41495
797,640,,-0.13646,0.0221096,1.41737
798,640,,-0.13585,0.0221651,1.4162
799,640,,-0.135206,0.0221512,1.41682
800,640,,-0.134561,0.0221373,1.41744
801,640,,-0.134344,0.0222269,1.42147
802,640,,-0.133696,0.022213,1.4221
803,640,,-0.133047,0.0221992,1.42272
804,640,,-0.132439,0.0222546,1.42154
805,640,,-0.13179,0.0222407,1.42217
806,640,,-0.131141,0.0222269,1.4228
807,640,,-0.130491,0.0222131,1.42342
808,640,,-0.130263,0.022303,1.42749
809,640,,-0.129655,0.0223586,1.4263
810,640,,-0.129003,0.0223447,1.42693
811,640,,-0.128351,0.0223308,1.42757
812,640,,-0.128115,0.0224213,1.43166
813,640,,-0.12746,0.0224074,1.4323
814,640,,-0.126853,0.0224632,1.4311
815,640,,-0.126198,0.0224491,1.43174
816,640,,-0.125542,0.0224352,1.43238
817,640,,-0.124833,0.0223521,1.43484
818,640,,-0.124229,0.0224074,1.43365
819,640,,-0.123571,0.0223936,1.43429
820,640,,-0.122967,0.0224491,1.43309
821,640,,-0.122309,0.0224352,1.43373
822,640,,-0.121651,0.0224214,1.43437
823,640,,-0.121396,0.0225123,1.43851
824,640,,-0.120734,0.0224984,1.43916
825,640,,-0.120073,0.0224846,1.4398
826,640,,-0.11941,0.0224709,1.44044
827,640,,-0.118746,0.0224572,1.44108
828,640,,-0.118145,0.0225124,1.43988
829,640,,-0.117482,0.0224987,1.44052
830,640,,-0.116818,0.022485,1.44116
831,640,,-0.116153,0.0224713,1.4418
832,640,,-0.115882,0.0225625,1.44601
833,640,,-0.115281,0.0226178,1.4448
834,640,,-0.114614,0.022604,1.44544
835,640,,-0.113947,0.0225903,1.44609
836,640,,-0.113279,0.0225766,1.44674
837,640,,-0.11261,0.0225629,1.44738
838,640,,-0.112012,0.0226181,1.44617
839,640,,-0.111728,0.0227099,1.45041
840,640,,-0.111057,0.0226962,1.45106
841,640,,-0.110385,0.0226824,1.45171
842,640,,-0.109713,0.0226687,1.45236
843,640,,-0.10904,0.0226551,1.45301
844,640,,-0.108822,0.0228165,1.45542
845,640,,-0.108148,0.0228026,1.45608
846,640,,-0.107473,0.0227888,1.45673
847,640,,-0.106797,0.022775,1.45739
848,640,,-0.106121,0.0227613,1.45805
849,640,,-0.105443,0.0227477,1.4587
850,640,,-0.104848,0.0228029,1.45748
851,640,,-0.104171,0.0227892,1.45814
852,640,,-0.103493,0.0227756,1.45879
853,640,,-0.102814,0.022762,1.45944
854,640,,-0.102501,0.0228546,1.46378
855,640,,-0.101906,0.02291,1.46255
856,640,,-0.101137,0.0228274,1.4651
857,640,,-0.100544,0.0228825,1.46387
858,640,,-0.0998613,0.0228689,1.46453
859,640,,-0.0991782,0.0228553,1.46519
860,640,,-0.0985866,0.0229105,1.46397
861,640,,-0.0978096,0.0228283,1.46651
862,640,,-0.0972196,0.0228832,1.46529
863,640,,-0.0968888,0.0229764,1.46967
864,640,,-0.0962021,0.0229627,1.47033
865,640,,-0.0955146,0.0229492,1.471
866,640,,-0.0948264,0.0229357,1.47166
867,640,,-0.0942369,0.0229907,1.47043
868,640,,-0.0938962,0.0230845,1.47485
869,640,,-0.0932058,0.0230708,1.47552
870,640,,-0.0925147,0.0230572,1.47619
871,640,,-0.0918227,0.0230437,1.47686
872,640,,-0.0912338,0.0230988,1.47562
873,640,,-0.0905419,0.0230852,1.47629
874,640,,-0.0898492,0.0230716,1.47696
875,640,,-0.0891557,0.0230581,1.47763
876,640,,-0.0887985,0.0231522,1.4821
877,640,,-0.0882101,0.0232076,1.48085
878,640,,-0.0875145,0.0231939,1.48153
879,640,,-0.0868181,0.0231803,1.4822
880,640,,-0.0861209,0.0231668,1.48288
881,640,,-0.0854229,0.0231533,1.48355
882,640,,-0.0847242,0.0231399,1.48423
883,640,,-0.0840247,0.0231265,1.4849
884,640,,-0.0834409,0.0231813,1.48365
885,640,,-0.0827415,0.0231679,1.48433
886,640,,-0.0820412,0.0231545,1.485
887,640,,-0.0848299,0.0241101,1.55238
888,640,,-0.0847934,0.0243294,1.56172
889,640,,-0.0841786,0.0243857,1.56033
890,640,,-0.0834425,0.0243717,1.56109
891,640,,-0.0827056,0.0243578,1.56185
892,640,,-0.0819678,0.0243439,1.56261
893,640,,-0.0813555,0.0244002,1.56123
894,640,,-0.0806177,0.0243863,1.56199
895,640,,-0.0798789,0.0243724,1.56275
896,640,,-0.0791393,0.0243586,1.5635
897,640,,-0.0785297,0.0244148,1.56212
898,640,,-0.07779,0.0244009,1.56288
899,640,,-0.0770495,0.0243871,1.56364
900,640,,-0.0763081,0.0243733,1.5644
901,640,,-0.075701,0.0244294,1.56302
902,640,,-0.0749596,0.0244156,1.56378
903,640,,-0.0742173,0.0244018,1.56454
904,640,,-0.0736119,0.024458,1.56315
905,640,,-0.0728695,0.0244441,1.56392
906,640,,-0.0721263,0.0244303,1.56467
907,640,,-0.0710699,0.0242998,1.56109
908,640,,-0.0703266,0.0242863,1.56183
909,640,,-0.0697272,0.0243419,1.56047
910,640,,-0.0689839,0.0243283,1.56122
911,640,,-0.0682398,0.0243148,1.56197
912,640,,-0.0676421,0.0243704,1.56061
913,640,,-0.0668979,0.0243568,1.56136
914,640,,-0.0661528,0.0243432,1.56211
915,640,,-0.0654069,0.0243297,1.56286
916,640,,-0.0648117,0.0243853,1.5615
917,640,,-0.0640657,0.0243718,1.56225
918,640,,-0.0633188,0.0243582,1.563
919,640,,-0.0625712,0.0243448,1.56375
920,640,,-0.0619785,0.0244003,1.56239
921,640,,-0.0612307,0.0243868,1.56314
922,640,,-0.0604821,0.0243733,1.56389
923,640,,-0.0598912,0.0244289,1.56252
924,640,,-0.0591425,0.0244154,1.56327
925,640,,-0.0583929,0.0244019,1.56403
926,640,,-0.0576425,0.0243885,1.56478
927,640,,-0.0570541,0.024444,1.56341
928,640,,-0.0563036,0.0244305,1.56416
929,640,,-0.0555523,0.0244171,1.56491
930,640,,-0.0548001,0.0244037,1.56566
931,640,,-0.0542142,0.0244592,1.5643
932,640,,-0.0534619,0.0244457,1.56505
933,640,,-0.0527088,0.0244323,1.5658
934,640,,-0.0519549,0.024419,1.56655
935,640,,-0.0513714,0.0244744,1.56519
936,640,,-0.0506174,0.024461,1.56594
937,640,,-0.0498625,0.0244476,1.56669
938,640,,-0.0491068,0.0244344,1.56744
939,640,,-0.0485258,0.0244897,1.56608
940,640,,-0.04777,0.0244763,1.56683
941,640,,-0.0470134,0.024463,1.56758
942,640,,-0.0464341,0.0245185,1.56622
943,640,,-0.0454377,0.0243893,1.56259
944,640,,-0.0449198,0.0244917,1.56772
945,640,,-0.0439255,0.024363,1.56408
946,640,,-0.0431681,0.0243501,1.56482
947,640,,-0.0425944,0.0244048,1.56347
948,640,,-0.0418369,0.0243917,1.56422
949,640,,-0.0410786,0.0243786,1.56496
950,640,,-0.0403195,0.0243657,1.5657
951,640,,-0.0397482,0.0244204,1.56436
952,640,,-0.0389889,0.0244073,1.5651
953,640,,-0.0382289,0.0243943,1.56584
954,640,,-0.037468,0.0243814,1.56658
955,640,,-0.0368991,0.024436,1.56524
956,640,,-0.0361382,0.024423,1.56598
957,640,,-0.0353763,0.0244101,1.56672
958,640,,-0.0346137,0.0243972,1.56746
959,640,,-0.0340472,0.0244518,1.56612
960,640,,-0.0332845,0.0244388,1.56686
961,640,,-0.0325209,0.0244259,1.5676
962,640,,-0.0317565,0.0244131,1.56834
963,640,,-0.0311925,0.0244676,1.567
964,640,,-0.0304279,0.0244547,1.56775
965,640,,-0.0296626,0.0244418,1.56849
966,640,,-0.0291003,0.0244964,1.56715
967,640,,-0.0283348,0.0244834,1.56789
968,640,,-0.0275686,0.0244706,1.56863
969,640,,-0.0268015,0.0244578,1.56937
970,640,,-0.0262416,0.0245123,1.56803
971,640,,-0.0254743,0.0244994,1.56877
972,640,,-0.0247063,0.0244866,1.56951
973,640,,-0.0239375,0.0244738,1.57025
974,640,,-0.02338,0.0245283,1.56891
975,640,,-0.022611,0.0245154,1.56965
976,640,,-0.0218412,0.0245027,1.57039
977,640,,-0.0210706,0.0244899,1.57113
978,640,,-0.0202991,0.0244774,1.57187
979,640,,-0.0197447,0.0245316,1.57054
980,640,,-0.0189731,0.0245188,1.57128
981,640,,-0.0182008,0.0245062,1.57202
982,640,,-0.0176481,0.0245605,1.57068
983,640,,-0.0168755,0.0245477,1.57142
984,640,,-0.0161022,0.024535,1.57216
985,640,,-0.0155513,0.0245895,1.57082
986,640,,-0.0147778,0.0245767,1.57157
987,640,,-0.0138541,0.0244499,1.56785
988,640,,-0.0130812,0.0244374,1.56858
989,640,,-0.0123074,0.024425,1.56931
990,640,,-0.0117614,0.0244787,1.56799
991,640,,-0.0109874,0.0244663,1.56873
992,640,,-0.0102127,0.0244538,1.56946
993,640,,-0.00943721,0.0244415,1.57018
994,640,,-0.00889359,0.0244952,1.56887
995,640,,-0.00811789,0.0244827,1.5696
996,640,,-0.00734143,0.0244703,1.57033
997,640,,-0.00656416,0.024458,1.57106
998,640,,-0.00602287,0.0245117,1.56974
999,640,,-0.00524543,0.0244993,1.57048
1000,640,,-0.00446723,0.024487,1.57121
1001,640,,-0.00368823,0.0244747,1.57193
1002,640,,-0.00314929,0.0245283,1.57062
1003,640,,-0.00237011,0.0245159,1.57135
1004,640,,-0.00159015,0.0245037,1.57208
1005,640,,-0.000809418,0.0244915,1.57281
1006,640,,-0.000272781,0.024545,1.5715
1007,640,,0.000508132,0.0245326,1.57223
1008,640,,0.00128986,0.0245204,1.57296
1009,640,,0.00182474,0.024574,1.57164
1010,640,,0.00260663,0.0245617,1.57237
1011,640,,0.00338928,0.0245495,1.5731
1012,640,,0.00417273,0.0245373,1.57383
1013,640,,0.0047053,0.0245908,1.57252
1014,640,,0.00548893,0.0245786,1.57325
1015,640,,0.00627334,0.0245663,1.57398
1016,640,,0.00705853,0.0245542,1.57471
1017,640,,0.00758877,0.0246077,1.57339
1018,640,,0.00837417,0.0245955,1.57413
1019,640,,0.00916034,0.0245833,1.57486
1020,640,,0.00994728,0.0245712,1.57558
1021,640,,0.010735,0.0245592,1.57631
1022,640,,0.0112623,0.0246125,1.575
1023,640,,0.0120503,0.0246003,1.57573
1024,640,,0.0128389,0.0245883,1.57646
1025,640,,0.0136969,0.0244639,1.57266
1026,640,,0.0141534,0.0246296,1.57588
1027,640,,0.0150077,0.0245048,1.57209
1028,640,,0.0157958,0.0244929,1.57281
1029,640,,0.0163174,0.0245459,1.57151
1030,640,,0.0171057,0.0245339,1.57223
1031,640,,0.0178948,0.0245221,1.57295
1032,640,,0.0186846,0.0245103,1.57367
1033,640,,0.019204,0.0245631,1.57238
1034,640,,0.0199941,0.0245512,1.5731
1035,640,,0.0207849,0.0245394,1.57382
1036,640,,0.0215765,0.0245277,1.57454
1037,640,,0.0223688,0.024516,1.57526
1038,640,,0.0228854,0.0245686,1.57397
1039,640,,0.023678,0.0245568,1.57469
1040,640,,0.0244712,0.0245451,1.57541
1041,640,,0.0249861,0.0245979,1.57412
1042,640,,0.0257796,0.0245861,1.57484
1043,640,,0.0265739,0.0245743,1.57556
1044,640,,0.0273689,0.0245627,1.57627
1045,640,,0.0278815,0.0246154,1.57498
1046,640,,0.0286768,0.0246036,1.5757
1047,640,,0.0294727,0.024592,1.57642
1048,640,,0.0302695,0.0245804,1.57714
1049,640,,0.0307799,0.024633,1.57585
1050,640,,0.0315768,0.0246213,1.57657
1051,640,,0.0323745,0.0246097,1.57729
1052,640,,0.033173,0.0245981,1.57801
1053,640,,0.0336811,0.0246506,1.57672
1054,640,,0.0344798,0.024639,1.57744
1055,640,,0.0352792,0.0246274,1.57816
1056,640,,0.0360795,0.024616,1.57887
1057,640,,0.0365853,0.0245567,1.57304
1058,640,,0.0373833,0.0245452,1.57375
1059,640,,0.038182,0.0245339,1.57446
1060,640,,0.0389814,0.0245226,1.57517
1061,640,,0.0394837,0.0245746,1.5739
1062,640,,0.0402834,0.0245632,1.57461
1063,640,,0.0410838,0.0245519,1.57532
1064,640,,0.0418849,0.0245406,1.57603
1065,640,,0.042385,0.0245926,1.57476
1066,640,,0.0431864,0.0245812,1.57547
1067,640,,0.0439886,0.0245699,1.57618
1068,640,,0.0447914,0.0245587,1.57688
1069,640,,0.0455949,0.0245476,1.57759
1070,640,,0.0460924,0.0245993,1.57633
1071,640,,0.0468962,0.0245881,1.57704
1072,640,,0.0477008,0.024577,1.57774
1073,640,,0.0481964,0.0246288,1.57647
1074,640,,0.0490013,0.0246175,1.57719
1075,640,,0.0498068,0.0246064,1.57789
1076,640,,0.050613,0.0245953,1.5786
1077,640,,0.0511065,0.024647,1.57733
1078,640,,0.0519131,0.0246358,1.57804
1079,640,,0.0527203,0.0246247,1.57875
1080,640,,0.0535283,0.0246137,1.57946
1081,640,,0.0540196,0.0246653,1.57819
1082,640,,0.0548279,0.0246542,1.5789
1083,640,,0.0556368,0.0246431,1.57961
1084,640,,0.0564464,0.0246321,1.58032
1085,640,,0.0569357,0.0246838,1.57905
1086,640,,0.0577456,0.0246726,1.57976
1087,640,,0.0585562,0.0246616,1.58047
1088,640,,0.0593676,0.0246507,1.58117
1089,640,,0.0598546,0.0247023,1.57991
1090,640,,0.0606663,0.0246912,1.58062
1091,640,,0.0614786,0.0246802,1.58133
1092,640,,0.0622916,0.0246694,1.58203
1093,640,,0.0631054,0.0246586,1.58273
1094,640,,0.0635078,0.0245995,1.57687
1095,640,,0.0643192,0.0245888,1.57757
1096,640,,0.0652186,0.0246881,1.58289
1097,640,,0.0656129,0.0246291,1.57702
1098,640,,0.0664253,0.0246183,1.57772
1099,640,,0.0672384,0.0246076,1.57842
1100,640,,0.0680522,0.0245969,1.57911
1101,640,,0.0688667,0.0245864,1.57981
1102,640,,0.0693458,0.0246372,1.57857
1103,640,,0.0701606,0.0246265,1.57926
1104,640,,0.0709761,0.0246159,1.57996
1105,640,,0.0714534,0.0246668,1.57872
1106,640,,0.0722692,0.0246561,1.57942
1107,640,,0.0730857,0.0246455,1.58011
1108,640,,0.0739029,0.0246349,1.58081
1109,640,,0.0747207,0.0246245,1.5815
1110,640,,0.0751956,0.0246752,1.58026
1111,640,,0.0760137,0.0246646,1.58096
1112,640,,0.0768326,0.0246541,1.58166
1113,640,,0.0773057,0.0247049,1.58041
1114,640,,0.0781249,0.0246943,1.58111
1115,640,,0.0789447,0.0246838,1.58181
1116,640,,0.0797652,0.0246733,1.58251
1117,640,,0.0805864,0.0246629,1.5832
1118,640,,0.0810571,0.0247135,1.58196
1119,640,,0.0818787,0.0247031,1.58266
1120,640,,0.0827009,0.0246926,1.58335
1121,640,,0.0835237,0.0246823,1.58405
1122,640,,0.0839923,0.0247328,1.58281
1123,640,,0.0848156,0.0247224,1.58351
1124,640,,0.0856394,0.0247121,1.5842
1125,640,,0.086464,0.0247018,1.58489
1126,640,,0.0869305,0.0247523,1.58366
1127,640,,0.0877554,0.0247419,1.58435
1128,640,,0.0885809,0.0247316,1.58505
1129,640,,0.0894071,0.0247213,1.58574
1130,640,,0.0898716,0.0247718,1.58451
1131,640,,0.0906982,0.0247614,1.5852
1132,640,,0.0915254,0.0247511,1.5859
1133,640,,0.0921817,0.0246322,1.58191
1134,640,,0.0926432,0.0246822,1.58069
1135,640,,0.0934687,0.0246721,1.58138
1136,640,,0.0942948,0.024662,1.58206
1137,640,,0.0951215,0.024652,1.58275
1138,640,,0.0959489,0.0246421,1.58343
1139,640,,0.0964081,0.0246918,1.58222
1140,640,,0.0972359,0.0246818,1.5829
1141,640,,0.0980643,0.0246718,1.58358
1142,640,,0.0988933,0.024662,1.58427
1143,640,,0.0993505,0.0247117,1.58305
1144,640,,0.10018,0.0247017,1.58374
1145,640,,0.10101,0.0246918,1.58442
1146,640,,0.101841,0.024682,1.5851
1147,640,,0.102296,0.0247316,1.58389
1148,640,,0.103127,0.0247217,1.58458
1149,640,,0.103959,0.0247118,1.58526
1150,640,,0.104791,0.024702,1.58594
1151,640,,0.105244,0.0247516,1.58473
1152,640,,0.106077,0.0247418,1.58542
1153,640,,0.10691,0.024732,1.5861
1154,640,,0.107744,0.0247222,1.58678
1155,640,,0.108195,0.0247717,1.58557
1156,640,,0.10903,0.0247619,1.58625
1157,640,,0.109865,0.0247522,1.58694
1158,640,,0.1107,0.0247425,1.58762
1159,640,,0.11115,0.024792,1.58641
1160,640,,0.111986,0.0247822,1.58709
1161,640,,0.112822,0.0247725,1.58777
1162,640,,0.11366,0.0247629,1.58845
1163,640,,0.114107,0.0248123,1.58724
1164,640,,0.114944,0.0248026,1.58793
1165,640,,0.115783,0.0247929,1.58861
1166,640,,0.116622,0.0247833,1.58929
1167,640,,0.117067,0.0248327,1.58808
1168,640,,0.117906,0.024823,1.58876
1169,640,,0.118746,0.0248134,1.58945
1170,640,,0.119587,0.0248039,1.59013
1171,640,,0.12003,0.0248532,1.58892
1172,640,,0.120871,0.0248436,1.5896
1173,640,,0.121713,0.024834,1.59028
1174,640,,0.122555,0.0248245,1.59096
1175,640,,0.123127,0.0247077,1.58689
1176,640,,0.123839,0.0248642,1.59044
1177,640,,0.124408,0.024747,1.58637
1178,640,,0.125249,0.0247377,1.58704
1179,640,,0.126091,0.0247285,1.58771
1180,640,,0.126529,0.0247772,1.58653
1181,640,,0.127371,0.0247678,1.5872
1182,640,,0.128213,0.0247586,1.58787
1183,640,,0.129057,0.0247494,1.58854
1184,640,,0.129493,0.024798,1.58736
1185,640,,0.130337,0.0247887,1.58803
1186,640,,0.131181,0.0247795,1.5887
1187,640,,0.131615,0.0248283,1.58751
1188,640,,0.13246,0.024819,1.58818
1189,640,,0.133305,0.0248097,1.58886
1190,640,,0.134151,0.0248005,1.58953
1191,640,,0.134998,0.0247915,1.59019
1192,640,,0.13543,0.02484,1.58901
1193,640,,0.136277,0.0248308,1.58968
1194,640,,0.137124,0.0248217,1.59035
1195,640,,0.137972,0.0248126,1.59102
1196,640,,0.138821,0.0248037,1.59169
1197,640,,0.139252,0.024852,1.59051
1198,640,,0.140101,0.0248429,1.59118
1199,640,,0.14095,0.0248339,1.59185
1200,640,,0.141801,0.024825,1.59251
1201,640,,0.142229,0.0248732,1.59133
1202,640,,0.14308,0.0248642,1.592
1203,640,,0.143931,0.0248553,1.59267
1204,640,,0.144783,0.0248464,1.59334
1205,640,,0.14521,0.0248946,1.59216
1206,640,,0.146062,0.0248856,1.59283
1207,640,,0.146915,0.0248767,1.5935
1208,640,,0.14734,0.0249251,1.59231
1209,640,,0.148193,0.0249161,1.59299
1210,640,,0.149047,0.0249072,1.59365
1211,640,,0.149902,0.0248983,1.59432
1212,640,,0.150757,0.0248895,1.59499
1213,640,,0.150821,0.0248309,1.58902
1214,640,,0.151673,0.0248221,1.58968
1215,640,,0.152526,0.0248135,1.59034
1216,640,,0.15338,0.0248049,1.591
1217,640,,0.154234,0.0247963,1.59166
1218,640,,0.154655,0.0248439,1.5905
1219,640,,0.155509,0.0248352,1.59116
1220,640,,0.156365,0.0248267,1.59182
1221,640,,0.15722,0.0248181,1.59247
1222,640,,0.157639,0.0248657,1.59132
1223,640,,0.158495,0.024857,1.59198
1224,640,,0.159352,0.0248485,1.59263
1225,640,,0.160209,0.0248401,1.59329
1226,640,,0.160626,0.0248875,1.59213
1227,640,,0.161484,0.024879,1.59279
1228,640,,0.162342,0.0248705,1.59345
1229,640,,0.163201,0.0248621,1.5941
1230,640,,0.163616,0.0249095,1.59295
1231,640,,0.164476,0.024901,1.59361
1232,640,,0.165336,0.0248926,1.59426
1233,640,,0.166196,0.0248842,1.59492
1234,640,,0.167057,0.024876,1.59557
1235,640,,0.16747,0.0249231,1.59442
1236,640,,0.168332,0.0249148,1.59508
1237,640,,0.169194,0.0249064,1.59573
1238,640,,0.170057,0.0248982,1.59638
1239,640,,0.170468,0.0249454,1.59524
1240,640,,0.171331,0.024937,1.59589
1241,640,,0.172195,0.0249287,1.59655
1242,640,,0.173059,0.0249206,1.5972
1243,640,,0.173469,0.0249677,1.59605
1244,640,,0.174334,0.0249594,1.5967
1245,640,,0.174761,0.0248458,1.59252
1246,640,,0.176065,0.024943,1.59801
1247,640,,0.176031,0.0248845,1.59203
1248,640,,0.176894,0.0248763,1.59268
1249,640,,0.177758,0.0248683,1.59332
1250,640,,0.178622,0.0248603,1.59397
1251,640,,0.179487,0.0248524,1.59461
1252,640,,0.179893,0.0248989,1.59348
1253,640,,0.180758,0.0248909,1.59413
1254,640,,0.181624,0.0248829,1.59477
1255,640,,0.18249,0.0248751,1.59541
1256,640,,0.182894,0.0249215,1.59429
1257,640,,0.183761,0.0249135,1.59493
1258,640,,0.184628,0.0249056,1.59557
1259,640,,0.185496,0.0248978,1.59622
1260,640,,0.185898,0.0249442,1.59509
1261,640,,0.186766,0.0249363,1.59574
1262,640,,0.187635,0.0249285,1.59638
1263,640,,0.188505,0.0249207,1.59702
1264,640,,0.189375,0.024913,1.59766
1265,640,,0.189775,0.0249592,1.59654
1266,640,,0.190646,0.0249514,1.59718
1267,640,,0.191517,0.0249436,1.59782
1268,640,,0.192388,0.024936,1.59846
1269,640,,0.192787,0.0249821,1.59734
1270,640,,0.193659,0.0249744,1.59799
1271,640,,0.194531,0.0249667,1.59863
1272,640,,0.195405,0.0249591,1.59927
1273,640,,0.195801,0.0250052,1.59815
1274,640,,0.196675,0.0249975,1.59879
1275,640,,0.197549,0.0249898,1.59943
1276,640,,0.198424,0.0249822,1.60007
1277,640,,0.199299,0.0249748,1.60071
1278,640,,0.199694,0.0250207,1.59959
1279,640,,0.20057,0.025013,1.60023
1280,640,,0.201446,0.0250055,1.60087
1281,640,,0.202323,0.0249981,1.60151
1282,640,,0.202716,0.025044,1.60039
1283,640,,0.203594,0.0250364,1.60103
1284,640,,0.204472,0.0250289,1.60167
1285,640,,0.20535,0.0250215,1.60231
1286,640,,0.205741,0.0250674,1.60119
1287,640,,0.206078,0.0249554,1.59693
1288,640,,0.206954,0.0249481,1.59756
1289,640,,0.207831,0.0249408,1.59819
1290,640,,0.208708,0.0249337,1.59882
1291,640,,0.209098,0.0249789,1.59773
1292,640,,0.209975,0.0249716,1.59836
1293,640,,0.210853,0.0249644,1.59899
1294,640,,0.211732,0.0249573,1.59961
1295,640,,0.212611,0.0249502,1.60024
1296,640,,0.212999,0.0249953,1.59915
1297,640,,0.213879,0.0249881,1.59978
1298,640,,0.214759,0.024981,1.60041
1299,640,,0.215639,0.024974,1.60103
1300,640,,0.216026,0.025019,1.59994
1301,640,,0.216907,0.0250119,1.60057
1302,640,,0.217789,0.0250048,1.6012
1303,640,,0.218671,0.0249978,1.60182
1304,640,,0.219056,0.0250428,1.60073
1305,640,,0.219939,0.0250357,1.60136
1306,640,,0.220822,0.0250287,1.60199
1307,640,,0.221706,0.0250217,1.60262
1308,640,,0.22259,0.0250149,1.60324
1309,640,,0.222973,0.0250596,1.60216
1310,640,,0.223858,0.0250527,1.60278
1311,640,,0.224743,0.0250458,1.60341
1312,640,,0.225629,0.025039,1.60403
1313,640,,0.22601,0.0250837,1.60295
1314,640,,0.226897,0.0250768,1.60357
1315,640,,0.227784,0.0250699,1.6042
1316,640,,0.228671,0.0250631,1.60482
1317,640,,0.229051,0.0251079,1.60374
1318,640,,0.229939,0.025101,1.60436
1319,640,,0.230827,0.0250941,1.60499
1320,640,,0.231716,0.0250874,1.60561
1321,640,,0.232605,0.0250807,1.60623
1322,640,,0.232983,0.0251252,1.60515
1323,640,,0.233239,0.0250151,1.60082
1324,640,,0.234764,0.0251117,1.6064
1325,640,,0.235013,0.025002,1.60205
1326,640,,0.236546,0.0250985,1.60764
1327,640,,0.236278,0.0250395,1.6016
1328,640,,0.237166,0.0250329,1.60222
1329,640,,0.238055,0.0250264,1.60283
1330,640,,0.238944,0.02502,1.60344
1331,640,,0.23932,0.025064,1.60238
1332,640,,0.24021,0.0250574,1.603
1333,640,,0.2411,0.025051,1.60361
1334,640,,0.241991,0.0250446,1.60422
1335,640,,0.242365,0.0250885,1.60316
1336,640,,0.243256,0.025082,1.60378
1337,640,,0.244148,0.0250756,1.60439
1338,640,,0.245041,0.0250693,1.60501
1339,640,,0.245933,0.025063,1.60561
1340,640,,0.246306,0.0251067,1.60456
1341,640,,0.247199,0.0251003,1.60517
1342,640,,0.248093,0.025094,1.60579
1343,640,,0.248987,0.0250878,1.6064
1344,640,,0.249358,0.0251315,1.60534
1345,640,,0.250253,0.0251252,1.60595
1346,640,,0.251149,0.0251188,1.60657
1347,640,,0.252044,0.0251127,1.60718
1348,640,,0.252413,0.0251564,1.60612
1349,640,,0.25331,0.0251501,1.60673
1350,640,,0.254207,0.0251438,1.60735
1351,640,,0.255104,0.0251376,1.60795
1352,640,,0.256002,0.0251316,1.60856
1353,640,,0.25637,0.0251751,1.60751
1354,640,,0.257268,0.0251688,1.60812
1355,640,,0.258167,0.0251627,1.60873
1356,640,,0.259067,0.0251566,1.60934
1357,640,,0.259966,0.0251507,1.60995
1358,640,,0.260333,0.025194,1.6089
1359,640,,0.261233,0.0251878,1.60951
1360,640,,0.262134,0.0251818,1.61012
1361,640,,0.2623,0.0250738,1.6057
1362,640,,0.263937,0.02517,1.61133
1363,640,,0.263563,0.0251108,1.60527
1364,640,,0.264462,0.0251049,1.60587
1365,640,,0.265361,0.0250991,1.60647
1366,640,,0.266261,0.0250934,1.60707
1367,640,,0.266624,0.0251361,1.60604
1368,640,,0.267525,0.0251302,1.60664
1369,640,,0.268425,0.0251245,1.60724
1370,640,,0.269326,0.0251187,1.60784
1371,640,,0.269688,0.0251615,1.60681
1372,640,,0.27059,0.0251556,1.60742
1373,640,,0.271493,0.0251499,1.60801
1374,640,,0.272395,0.0251442,1.60861
1375,640,,0.273298,0.0251386,1.60921
1376,640,,0.273659,0.0251812,1.60818
1377,640,,0.274563,0.0251754,1.60878
1378,640,,0.275467,0.0251698,1.60938
1379,640,,0.276372,0.0251642,1.60998
1380,640,,0.277276,0.0251588,1.61057
1381,640,,0.277636,0.0252011,1.60955
1382,640,,0.278542,0.0251954,1.61015
1383,640,,0.279448,0.0251899,1.61075
1384,640,,0.280354,0.0251845,1.61134
1385,640,,0.280712,0.0252268,1.61032
1386,640,,0.28162,0.0252212,1.61092
1387,640,,0.282527,0.0252157,1.61151
1388,640,,0.283435,0.0252103,1.61211
1389,640,,0.284343,0.0252049,1.6127
1390,640,,0.2847,0.025247,1.61169
1391,640,,0.285609,0.0252416,1.61228
1392,640,,0.286519,0.0252361,1.61288
1393,640,,0.286608,0.0251297,1.6084
1394,640,,0.287784,0.025273,1.61245
1395,640,,0.287871,0.0251661,1.60799
1396,640,,0.289606,0.0252621,1.61364
1397,640,,0.289686,0.0251556,1.60916
1398,640,,0.290594,0.0251506,1.60975
1399,640,,0.290949,0.0251921,1.60875
1400,640,,0.291857,0.0251869,1.60934
1401,640,,0.292766,0.0251817,1.60992
1402,640,,0.293676,0.0251766,1.61051
1403,640,,0.294585,0.0251716,1.61109
1404,640,,0.294939,0.025213,1.6101
1405,640,,0.29585,0.0252079,1.61068
1406,640,,0.296761,0.0252028,1.61127
1407,640,,0.297672,0.0251978,1.61185
1408,640,,0.298584,0.0251929,1.61243
1409,640,,0.298936,0.0252341,1.61144
1410,640,,0.299849,0.025229,1.61203
1411,640,,0.300762,0.0252241,1.61261
1412,640,,0.301675,0.0252192,1.61319
1413,640,,0.302588,0.0252144,1.61377
1414,640,,0.30294,0.0252554,1.61279
1415,640,,0.303854,0.0252504,1.61337
1416,640,,0.304769,0.0252456,1.61395
1417,640,,0.305684,0.0252408,1.61453
1418,640,,0.306034,0.0252818,1.61355
1419,640,,0.306949,0.0252769,1.61413
1420,640,,0.307866,0.025272,1.61471
1421,640,,0.308782,0.0252673,1.61529
1422,640,,0.309699,0.0252626,1.61586
1423,640,,0.310048,0.0253034,1.61489
1424,640,,0.310966,0.0252986,1.61547
1425,640,,0.311884,0.0252939,1.61604
1426,640,,0.312802,0.0252892,1.61662
1427,640,,0.313149,0.0253301,1.61564
1428,640,,0.314069,0.0253252,1.61622
1429,640,,0.314071,0.0252202,1.61169
1430,640,,0.314987,0.0252156,1.61226
1431,640,,0.315904,0.0252112,1.61283
1432,640,,0.316251,0.0252515,1.61187
1433,640,,0.317168,0.0252469,1.61244
1434,640,,0.318086,0.0252423,1.61301
1435,640,,0.319003,0.0252379,1.61358
1436,640,,0.319921,0.0252335,1.61415
1437,640,,0.320267,0.0252737,1.61319
1438,640,,0.321187,0.0252692,1.61376
1439,640,,0.322106,0.0252647,1.61433
1440,640,,0.323025,0.0252604,1.6149
1441,640,,0.323945,0.0252561,1.61546
1442,640,,0.32429,0.0252961,1.61451
1443,640,,0.325211,0.0252916,1.61508
1444,640,,0.326133,0.0252873,1.61565
1445,640,,0.327054,0.0252831,1.61621
1446,640,,0.327976,0.0252789,1.61678
1447,640,,0.32832,0.0253186,1.61583
1448,640,,0.329243,0.0253143,1.6164
1449,640,,0.330166,0.0253101,1.61696
1450,640,,0.331089,0.0253059,1.61753
1451,640,,0.331431,0.0253457,1.61658
1452,640,,0.332356,0.0253414,1.61715
1453,640,,0.33328,0.0253372,1.61771
1454,640,,0.334205,0.0253331,1.61828
1455,640,,0.334546,0.0253729,1.61733
1456,640,,0.335472,0.0253687,1.6179
1457,640,,0.336398,0.0253644,1.61846
1458,640,,0.336328,0.0252608,1.61388
1459,640,,0.337251,0.0252569,1.61444
1481,640,,0.354704,0.0253865,1.61926
1482,640,,0.355636,0.0253828,1.61981
1483,640,,0.356567,0.0253792,1.62036
1484,640,,0.357498,0.0253757,1.62091
1485,640,,0.357835,0.0254142,1.62
1486,640,,0.358768,0.0254105,1.62055
1487,640,,0.3597,0.025407,1.6211
1488,640,,0.360633,0.0254035,1.62165
1489,640,,0.361567,0.0254001,1.62219
1490,640,,0.361902,0.0254384,1.62129
1491,640,,0.362837,0.0254348,1.62184
1492,640,,0.363772,0.0254313,1.62239
1493,640,,0.364706,0.0254279,1.62294
1494,640,,0.365641,0.0254246,1.62348
1495,640,,0.365976,0.0254627,1.62258
1496,640,,0.366913,0.0254592,1.62313
1497,640,,0.367849,0.0254558,1.62368
1498,640,,0.368785,0.0254525,1.62422
1499,640,,0.369722,0.0254493,1.62477
1500,640,,0.370057,0.0254872,1.62387
1501,640,,0.370995,0.0254838,1.62442
1502,640,,0.371933,0.0254805,1.62497
1503,640,,0.371746,0.0253787,1.62028
1504,640,,0.373809,0.0254742,1.62605
1505,640,,0.373015,0.0254131,1.61994
1506,640,,0.373951,0.0254098,1.62048
1507,640,,0.374886,0.0254067,1.62102
1508,640,,0.375822,0.0254036,1.62156
1509,640,,0.376758,0.0254007,1.62209
1510,640,,0.377092,0.025438,1.62122
1511,640,,0.37803,0.0254348,1.62176
1512,640,,0.378967,0.0254318,1.62229
1513,640,,0.379905,0.0254288,1.62283
1514,640,,0.380843,0.0254259,1.62336
1515,640,,0.381176,0.025463,1.62249
1516,640,,0.382115,0.02546,1.62303
1517,640,,0.383055,0.025457,1.62356
1518,640,,0.383994,0.0254541,1.6241
1519,640,,0.384934,0.0254513,1.62463
1520,640,,0.385266,0.0254883,1.62376
1521,640,,0.386207,0.0254853,1.6243
1522,640,,0.387148,0.0254824,1.62483
1523,640,,0.388089,0.0254796,1.62536
1524,640,,0.389031,0.0254768,1.62589
1525,640,,0.389363,0.0255137,1.62503
1526,640,,0.390305,0.0255107,1.62557
1527,640,,0.391248,0.0255079,1.6261
1528,640,,0.392191,0.0255052,1.62663
1529,640,,0.393134,0.0255025,1.62716
1530,640,,0.393466,0.0255392,1.6263
1531,640,,0.39441,0.0255364,1.62683
1532,640,,0.395354,0.0255336,1.62736
1533,640,,0.396299,0.025531,1.62789
1534,640,,0.397244,0.0255284,1.62842
1535,640,,0.397575,0.0255649,1.62757
1536,640,,0.398521,0.0255622,1.6281
1537,640,,0.398246,0.0254616,1.62336
1538,640,,0.400413,0.025557,1.62916
1539,640,,0.40013,0.0254567,1.62441
1540,640,,0.40169,0.0255908,1.62883
1541,640,,0.401405,0.0254901,1.62409
1542,640,,0.402349,0.0254876,1.62461
1543,640,,0.403293,0.0254852,1.62514
1544,640,,0.404237,0.0254828,1.62565
1545,640,,0.404568,0.0255187,1.62482
1546,640,,0.405513,0.0255162,1.62534
1547,640,,0.406459,0.0255138,1.62586
1548,640,,0.407404,0.0255114,1.62638
1549,640,,0.40835,0.0255091,1.6269
1550,640,,0.40868,0.0255449,1.62607
1551,640,,0.409627,0.0255425,1.62659
1552,640,,0.410574,0.0255401,1.62711
1553,640,,0.411522,0.0255378,1.62763
1554,640,,0.412469,0.0255356,1.62815
1555,640,,0.412799,0.0255713,1.62732
1556,640,,0.413748,0.0255689,1.62784
1557,640,,0.414697,0.0255666,1.62836
1558,640,,0.415646,0.0255644,1.62888
1559,640,,0.416595,0.0255623,1.62939
1560,640,,0.416924,0.0255978,1.62857
1561,640,,0.417874,0.0255955,1.62909
1562,640,,0.418825,0.0255932,1.62961
1563,640,,0.419776,0.0255911,1.63012
1564,640,,0.420727,0.0255891,1.63064
1565,640,,0.421055,0.0256244,1.62982
1566,640,,0.422008,0.0256222,1.63034
1567,640,,0.42296,0.02562,1.63085
1568,640,,0.423913,0.025618,1.63137
1569,640,,0.424865,0.025616,1.63188
1570,640,,0.425193,0.0256512,1.63106
1571,640,,0.426147,0.025649,1.63158
1572,640,,0.427101,0.025647,1.6321
1573,640,,0.426729,0.0255477,1.6273
1574,640,,0.42901,0.025643,1.63312
1575,640,,0.428008,0.0255806,1.627
1576,640,,0.430293,0.0256761,1.63283
1577,640,,0.429911,0.0255767,1.62802
1578,640,,0.430862,0.0255748,1.62853
1579,640,,0.431814,0.025573,1.62903
1580,640,,0.432766,0.0255713,1.62954
1581,640,,0.433096,0.0256057,1.62874
1582,640,,0.434049,0.0256039,1.62925
1583,640,,0.435002,0.0256021,1.62976
1584,640,,0.435956,0.0256003,1.63026
1585,640,,0.436909,0.0255987,1.63076
1586,640,,0.437238,0.025633,1.62997
1587,640,,0.438193,0.0256312,1.63048
1588,640,,0.439148,0.0256295,1.63099
1589,640,,0.440104,0.0256278,1.63149
1590,640,,0.441059,0.0256262,1.63199
1591,640,,0.441387,0.0256604,1.6312
1592,640,,0.442344,0.0256587,1.63171
1593,640,,0.443301,0.025657,1.63221
1594,640,,0.444258,0.0256554,1.63272
1595,640,,0.445215,0.0256538,1.63322
1596,640,,0.445543,0.0256879,1.63243
1597,640,,0.446501,0.0256863,1.63294
1598,640,,0.44746,0.0256846,1.63344
1599,640,,0.448418,0.0256831,1.63394
1600,640,,0.449377,0.0256816,1.63444
1601,640,,0.450336,0.0256802,1.63494
1602,640,,0.450664,0.025714,1.63416
1603,640,,0.451625,0.0257124,1.63467
1604,640,,0.452585,0.025711,1.63517
1605,640,,0.453546,0.0257096,1.63566
1606,640,,0.454506,0.0257082,1.63616
1607,640,,0.454834,0.0257418,1.63539
1608,640,,0.455796,0.0257403,1.63589
1609,640,,0.456758,0.0257389,1.63639
1610,640,,0.457721,0.0257376,1.63689
1611,640,,0.458683,0.0257363,1.63738
1612,640,,0.45901,0.0257698,1.63661
1613,640,,0.459974,0.0257684,1.63711
1614,640,,0.460938,0.025767,1.63761
1615,640,,0.460449,0.025669,1.63273
1616,640,,0.462866,0.0257645,1.6386
1617,640,,0.462368,0.0256668,1.63371
1618,640,,0.464159,0.0257965,1.63834
1619,640,,0.46366,0.0256985,1.63345
1620,640,,0.464621,0.0256973,1.63394
1621,640,,0.465582,0.0256962,1.63443
1622,640,,0.466544,0.0256951,1.63492
1623,640,,0.467505,0.0256942,1.6354
1624,640,,0.467836,0.0257267,1.63466
1625,640,,0.468799,0.0257256,1.63515
1626,640,,0.469762,0.0257246,1.63564
1627,640,,0.470725,0.0257236,1.63612
1628,640,,0.471688,0.0257227,1.63661
1629,640,,0.472019,0.0257551,1.63587
1630,640,,0.472984,0.0257541,1.63636
1631,640,,0.473948,0.0257531,1.63685
1632,640,,0.474913,0.0257522,1.63733
1633,640,,0.475878,0.0257513,1.63781
1634,640,,0.476208,0.0257837,1.63708
1635,640,,0.477175,0.0257826,1.63757
1636,640,,0.478141,0.0257817,1.63806
1637,640,,0.479108,0.0257808,1.63854
1638,640,,0.480074,0.0257801,1.63902
1639,640,,0.480404,0.0258123,1.63829
1640,640,,0.481372,0.0258113,1.63878
1641,640,,0.48234,0.0258105,1.63926
1642,640,,0.483308,0.0258097,1.63974
1643,640,,0.484277,0.0258089,1.64023
1644,640,,0.484606,0.025841,1.6395
1645,640,,0.484037,0.0257439,1.63458
1646,640,,0.485002,0.0257431,1.63506
1647,640,,0.485968,0.0257424,1.63554
1648,640,,0.486933,0.0257418,1.63601
1649,640,,0.487899,0.0257412,1.63649
1650,640,,0.488231,0.0257727,1.63578
1651,640,,0.489198,0.025772,1.63626
1652,640,,0.490165,0.0257714,1.63673
1653,640,,0.491133,0.0257708,1.63721
1654,640,,0.4921,0.0257703,1.63768
1655,640,,0.492431,0.0258016,1.63697
1656,640,,0.4934,0.025801,1.63745
1657,640,,0.494369,0.0258004,1.63793
1658,640,,0.495338,0.0257999,1.6384
1659,640,,0.496307,0.0257994,1.63887
1660,640,,0.496638,0.0258307,1.63817
1661,640,,0.497609,0.0258301,1.63865
1662,640,,0.498579,0.0258295,1.63912
1663,640,,0.49955,0.025829,1.63959
1664,640,,0.500521,0.0258286,1.64006
1665,640,,0.501492,0.0258282,1.64053
1666,640,,0.501824,0.0258593,1.63984
1667,640,,0.502796,0.0258588,1.64031
1668,640,,0.503769,0.0258583,1.64078
1669,640,,0.504741,0.0258579,1.64125
1670,640,,0.505714,0.0258576,1.64172
1671,640,,0.506686,0.0258574,1.64219
1672,640,,0.50702,0.0258881,1.6415
1673,640,,0.507994,0.0258877,1.64198
1674,640,,0.508968,0.0258873,1.64245
1675,640,,0.509942,0.0258871,1.64291
1676,640,,0.510916,0.0258869,1.64338
1677,640,,0.51189,0.0258867,1.64384
1678,640,,0.512225,0.0259172,1.64317
1679,640,,0.513201,0.0259168,1.64364
1680,640,,0.514177,0.0259166,1.6441
1681,640,,0.513501,0.0258209,1.63911
1682,640,,0.516129,0.0259164,1.64503
1683,640,,0.514808,0.0258509,1.63891
1684,640,,0.515781,0.0258507,1.63937
1685,640,,0.516754,0.0258506,1.63983
1686,640,,0.517728,0.0258505,1.64029
1687,640,,0.518701,0.0258505,1.64075
1688,640,,0.519036,0.0258805,1.64009
1689,640,,0.520011,0.0258803,1.64055
1690,640,,0.520986,0.0258802,1.64101
1691,640,,0.521961,0.0258802,1.64147
1692,640,,0.522936,0.0258802,1.64193
1693,640,,0.523271,0.0259101,1.64127
1694,640,,0.524247,0.02591,1.64173
1695,640,,0.525224,0.0259099,1.64219
1696,640,,0.526201,0.0259099,1.64265
1697,640,,0.527177,0.02591,1.64311
1698,640,,0.528154,0.0259101,1.64356
1699,640,,0.52913,0.0259103,1.64401
1700,640,,0.529469,0.0259397,1.64337
1701,640,,0.530447,0.0259398,1.64383
1702,640,,0.531425,0.0259399,1.64428
1703,640,,0.532404,0.02594,1.64474
1704,640,,0.533382,0.0259403,1.64519
1705,640,,0.53372,0.0259696,1.64455
1706,640,,0.5347,0.0259697,1.645
1707,640,,0.53568,0.0259698,1.64546
1708,640,,0.53666,0.02597,1.64591
1709,640,,0.53764,0.0259703,1.64637
1710,640,,0.53862,0.0259707,1.64682
1711,640,,0.5396,0.0259711,1.64727
1712,640,,0.539941,0.0259999,1.64664
1713,640,,0.540923,0.0260001,1.64709
1714,640,,0.541905,0.0260004,1.64754
1715,640,,0.542887,0.0260007,1.64799
1716,640,,0.543868,0.0260012,1.64844
1717,640,,0.544209,0.02603,1.64781
1718,640,,0.545193,0.0260302,1.64827
1719,640,,0.544407,0.0259353,1.64322
1720,640,,0.545386,0.0259358,1.64366
1721,640,,0.546365,0.0259362,1.64411
1722,640,,0.546707,0.0259647,1.64349
1723,640,,0.547688,0.025965,1.64394
1724,640,,0.548669,0.0259654,1.64438
1725,640,,0.549649,0.0259659,1.64483
1726,640,,0.55063,0.0259664,1.64527
1727,640,,0.551611,0.0259671,1.64571
1728,640,,0.551954,0.0259952,1.6451
1729,640,,0.552936,0.0259957,1.64555
1730,640,,0.553919,0.0259961,1.64599
1731,640,,0.554901,0.0259967,1.64644
1732,640,,0.555884,0.0259973,1.64688
1733,640,,0.556866,0.025998,1.64732
1734,640,,0.557211,0.0260259,1.64672
1735,640,,0.558195,0.0260264,1.64716
1736,640,,0.559179,0.026027,1.6476
1737,640,,0.560163,0.0260277,1.64804
1738,640,,0.561148,0.0260284,1.64848
1739,640,,0.562132,0.0260292,1.64892
1740,640,,0.563115,0.02603,1.64935
1741,640,,0.563464,0.0260574,1.64877
1742,640,,0.56445,0.0260581,1.64921
1743,640,,0.565436,0.0260588,1.64964
1744,640,,0.566421,0.0260596,1.65008
1745,640,,0.567407,0.0260605,1.65052
1746,640,,0.567755,0.0260879,1.64993
1747,640,,0.568743,0.0260885,1.65037
1748,640,,0.56973,0.0260893,1.65081
1749,640,,0.570718,0.0260901,1.65124
1750,640,,0.571705,0.026091,1.65168
1751,640,,0.572693,0.026092,1.65211
1752,640,,0.573042,0.0261191,1.65153
1753,640,,0.574032,0.0261199,1.65197
1754,640,,0.575021,0.0261207,1.65241
1755,640,,0.57601,0.0261216,1.65284
1756,640,,0.577,0.0261226,1.65328
1757,640,,0.577349,0.0261496,1.6527
1758,640,,0.57834,0.0261504,1.65314
1759,640,,0.579331,0.0261513,1.65357
1760,640,,0.580322,0.0261523,1.65401
1761,640,,0.579409,0.0260583,1.64888
1762,640,,0.582304,0.0261543,1.65487
1763,640,,0.581381,0.0260606,1.64973
1764,640,,0.584286,0.0261566,1.65573
1765,640,,0.582724,0.0260879,1.64961
1766,640,,0.583712,0.0260889,1.65003
1767,640,,0.5847,0.02609,1.65046
1768,640,,0.585688,0.0260912,1.65088
1769,640,,0.586676,0.0260924,1.6513
1770,640,,0.587032,0.0261185,1.65076
1771,640,,0.588022,0.0261195,1.65119
1772,640,,0.589012,0.0261207,1.65161
1773,640,,0.590002,0.0261219,1.65204
1774,640,,0.590991,0.0261231,1.65246
1775,640,,0.591981,0.0261244,1.65288
1776,640,,0.592339,0.0261502,1.65234
1777,640,,0.59333,0.0261514,1.65277
1778,640,,0.594322,0.0261525,1.65319
1779,640,,0.595313,0.0261538,1.65361
1780,640,,0.596305,0.0261551,1.65403
1781,640,,0.596662,0.0261809,1.6535
1782,640,,0.597656,0.0261821,1.65392
1783,640,,0.598649,0.0261833,1.65434
1784,640,,0.599642,0.0261846,1.65477
1785,640,,0.59866,0.0260915,1.64961
1786,640,,0.601629,0.0261873,1.6556
1787,640,,0.601988,0.0262128,1.65508
1788,640,,0.602983,0.0262141,1.6555
1789,640,,0.601989,0.0261207,1.65034
